{
    "accuracy": 0.9146981627296588,
    "f1_macro": 0.9267192784667418,
    "recall_macro": 0.9426605504587156,
    "precision_macro": 0.9113082039911308,
    "time": 28.33565664291382,
    "best_params": "C = 6, gamma = scale, kernel = rbf",
    "confusion_matrix": [
        [286, 40],
        [25, 411]
    ]
}