{
    "accuracy": 0.948905109489051,
    "f1": 0.924731182795699,
    "recall": 0.8958333333333334,
    "precision": 0.9555555555555556,
    "time": 1.0492079257965088,
    "best_params": "h = {'bandwidth': 3.3}",
    "confusion_matrix": [[87, 2], [5, 43]]
}
