{
    "0": {
        "precision": 0.756838905775076,
        "recall": 0.6133004926108374,
        "f1-score": 0.6775510204081632,
        "support": 406.0
    },
    "1": {
        "precision": 0.5471014492753623,
        "recall": 0.569811320754717,
        "f1-score": 0.5582255083179297,
        "support": 265.0
    },
    "2": {
        "precision": 1.0,
        "recall": 1.0,
        "f1-score": 1.0,
        "support": 104.0
    },
    "3": {
        "precision": 0.6813880126182965,
        "recall": 0.6625766871165644,
        "f1-score": 0.671850699844479,
        "support": 326.0
    },
    "4": {
        "precision": 0.7130434782608696,
        "recall": 0.6373056994818653,
        "f1-score": 0.6730506155950753,
        "support": 386.0
    },
    "5": {
        "precision": 0.6617161716171617,
        "recall": 0.7609108159392789,
        "f1-score": 0.7078552515445719,
        "support": 527.0
    },
    "6": {
        "precision": 0.8364611260053619,
        "recall": 0.8801128349788434,
        "f1-score": 0.8577319587628864,
        "support": 709.0
    },
    "accuracy": 0.7311788468600808,
    "macro_avg": {
        "precision": 0.7423641633645897,
        "recall": 0.7320025501260152,
        "f1-score": 0.7351807220675864,
        "support": 2723.0
    },
    "weighted_avg": {
        "precision": 0.7327951213018576,
        "recall": 0.7311788468600808,
        "f1-score": 0.7297128226536322,
        "support": 2723.0
    },
    "time": 3096.580188035965,
    "best_params": "k = 8",
    "confusion_matrix": [
        [249, 0, 0, 0, 4, 86, 67],
        [0, 151, 0, 80, 30, 4, 0],
        [0, 0, 104, 0, 0, 0, 0],
        [0, 93, 0, 216, 16, 1, 0],
        [2, 31, 0, 21, 246, 77, 9],
        [30, 1, 0, 0, 49, 401, 46],
        [48, 0, 0, 0, 0, 37, 624]
    ]
}
