{
  "accuracy": 0.7311788468600808,
  "precision_macro": 0.7423641633645897,
  "recall_macro": 0.7320025501260152,
  "f1-score_macro": 0.7351807220675864,
  "support": 2723.0,
  "time": 3096.580188035965,
  "best_params": "k = 8",
  "confusion_matrix": [
    [249, 0, 0, 0, 4, 86, 67],
    [0, 151, 0, 80, 30, 4, 0],
    [0, 0, 104, 0, 0, 0, 0],
    [0, 93, 0, 216, 16, 1, 0],
    [2, 31, 0, 21, 246, 77, 9],
    [30, 1, 0, 0, 49, 401, 46],
    [48, 0, 0, 0, 0, 37, 624]
  ]
}
