{
    "0": {
        "precision": 0.9560439560439561,
        "recall": 0.8571428571428571,
        "f1-score": 0.903896103896104,
        "support": 406.0
    },
    "1": {
        "precision": 0.8641509433962264,
        "recall": 0.8641509433962264,
        "f1-score": 0.8641509433962264,
        "support": 265.0
    },
    "2": {
        "precision": 1.0,
        "recall": 0.9903846153846154,
        "f1-score": 0.9951690821256038,
        "support": 104.0
    },
    "3": {
        "precision": 0.8745874587458746,
        "recall": 0.8128834355828221,
        "f1-score": 0.8426073131955485,
        "support": 326.0
    },
    "4": {
        "precision": 0.917989417989418,
        "recall": 0.8989637305699482,
        "f1-score": 0.9083769633507853,
        "support": 386.0
    },
    "5": {
        "precision": 0.7982608695652174,
        "recall": 0.8709677419354839,
        "f1-score": 0.8330308529945554,
        "support": 527.0
    },
    "6": {
        "precision": 0.891156462585034,
        "recall": 0.923836389280677,
        "f1-score": 0.907202216066482,
        "support": 709.0
    },
    "accuracy": 0.8835842820418656,
    "macro_avg": {
        "precision": 0.9003127297608181,
        "recall": 0.8883328161846614,
        "f1-score": 0.8934904964321865,
        "support": 2723.0
    },
    "weighted_avg": {
        "precision": 0.8862014995529105,
        "recall": 0.8835842820418656,
        "f1-score": 0.883957592874513,
        "support": 2723.0
    },
    "time": 42.28352093696594,
    "best_params": "cp = {'ccp_alpha': 0.015}",
    "confusion_matrix": [
        [348, 0, 0, 0, 0, 39, 19],
        [1, 229, 0, 24, 3, 8, 0],
        [0, 0, 103, 0, 1, 0, 0],
        [0, 30, 0, 265, 27, 4, 0],
        [0, 5, 0, 12, 347, 20, 2],
        [6, 1, 0, 2, 0, 459, 59],
        [9, 0, 0, 0, 0, 45, 655]
    ]
}
