{
  "accuracy": 0.8604480352552332,
  "precision_macro": 0.8738987390913522,
  "recall_macro": 0.859572686756602,
  "f1-score_macro": 0.8630390011580988,
  "support": 2723.0,
  "time": 193.34835147857666,
  "best_params": "h = {'bandwidth': 1.0}",
  "confusion_matrix": [
    [359, 1, 0, 0, 0, 36, 10],
    [2, 165, 0, 86, 0, 12, 0],
    [0, 0, 102, 1, 0, 1, 0],
    [0, 30, 0, 289, 3, 4, 0],
    [0, 2, 0, 15, 340, 24, 5],
    [9, 4, 0, 0, 5, 467, 42],
    [32, 0, 0, 0, 2, 54, 621]
  ]
}
