{
    "0": {
        "precision": 0.8930348258706468,
        "recall": 0.8842364532019704,
        "f1-score": 0.8886138613861385,
        "support": 406.0
    },
    "1": {
        "precision": 0.8168316831683168,
        "recall": 0.6226415094339622,
        "f1-score": 0.7066381156316917,
        "support": 265.0
    },
    "2": {
        "precision": 1.0,
        "recall": 0.9807692307692307,
        "f1-score": 0.9902912621359222,
        "support": 104.0
    },
    "3": {
        "precision": 0.7391304347826086,
        "recall": 0.8865030674846626,
        "f1-score": 0.806136680613668,
        "support": 326.0
    },
    "4": {
        "precision": 0.9714285714285714,
        "recall": 0.8808290155440415,
        "f1-score": 0.9239130434782609,
        "support": 386.0
    },
    "5": {
        "precision": 0.7809364548494984,
        "recall": 0.8861480075901328,
        "f1-score": 0.8302222222222222,
        "support": 527.0
    },
    "6": {
        "precision": 0.915929203539823,
        "recall": 0.8758815232722144,
        "f1-score": 0.8954578226387887,
        "support": 709.0
    },
    "accuracy": 0.8604480352552332,
    "macro_avg": {
        "precision": 0.8738987390913522,
        "recall": 0.859572686756602,
        "f1-score": 0.8630390011580988,
        "support": 2723.0
    },
    "weighted_avg": {
        "precision": 0.866657290734141,
        "recall": 0.8604480352552332,
        "f1-score": 0.8603982077311727,
        "support": 2723.0
    },
    "time": 193.34835147857666,
    "best_params": "h = {'bandwidth': 1.0}",
    "confusion_matrix": [
        [359, 1, 0, 0, 0, 36, 10],
        [2, 165, 0, 86, 0, 12, 0],
        [0, 0, 102, 1, 0, 1, 0],
        [0, 30, 0, 289, 3, 4, 0],
        [0, 2, 0, 15, 340, 24, 5],
        [9, 4, 0, 0, 5, 467, 42],
        [32, 0, 0, 0, 2, 54, 621]
    ]
}
