{
  "accuracy": 0.9302240176276166,
  "precision_macro": 0.9407826992300556,
  "recall_macro": 0.9378883932061636,
  "f1-score_macro": 0.939265965080846,
  "support": 2723.0,
  "time": 4207.323831319809,
  "best_params": "n = 50, m = 0.8, s = None",
  "confusion_matrix": [
    [383, 1, 0, 0, 0, 9, 13],
    [2, 242, 0, 16, 2, 3, 0],
    [0, 0, 104, 0, 0, 0, 0],
    [1, 10, 0, 306, 5, 4, 0],
    [0, 3, 0, 4, 368, 10, 1],
    [8, 0, 0, 1, 6, 468, 44],
    [14, 0, 0, 0, 1, 31, 663]
  ]
}
