{
  "accuracy": 0.9151670951156813,
  "precision_macro": 0.9279000210503773,
  "recall_macro": 0.9244426189888736,
  "f1-score_macro": 0.9258358796410537,
  "time": 661.5432448387146,
  "best_params": "C = 1, gamma = 'scaled', kernel = linear",
  "confusion_matrix": [
    [380, 1, 0, 0, 0, 16, 9],
    [2, 228, 0, 28, 2, 5, 0],
    [0, 0, 104, 0, 0, 0, 0],
    [1, 10, 0, 307, 5, 3, 0],
    [0, 2, 0, 5, 368, 9, 2],
    [13, 1, 0, 1, 10, 454, 48],
    [14, 0, 0, 0, 2, 42, 651]
  ]
}
