{
  "0": {
    "precision": 0.9343065693430657,
    "recall": 0.9458128078817734,
    "f1-score": 0.9400244798041615,
    "support": 406.0
  },
  "1": {
    "precision": 0.94140625,
    "recall": 0.909433962264151,
    "f1-score": 0.9251439539347409,
    "support": 265.0
  },
  "2": {
    "precision": 1.0,
    "recall": 1.0,
    "f1-score": 1.0,
    "support": 104.0
  },
  "3": {
    "precision": 0.926829268292683,
    "recall": 0.9325153374233128,
    "f1-score": 0.9296636085626913,
    "support": 326.0
  },
  "4": {
    "precision": 0.9633507853403142,
    "recall": 0.9533678756476683,
    "f1-score": 0.9583333333333333,
    "support": 386.0
  },
  "5": {
    "precision": 0.8998073217726397,
    "recall": 0.8861480075901328,
    "f1-score": 0.892925430210325,
    "support": 527.0
  },
  "6": {
    "precision": 0.9197786998616874,
    "recall": 0.9379407616361072,
    "f1-score": 0.9287709497206703,
    "support": 709.0
  },
  "accuracy": 0.9302240176276166,
  "macro_avg": {
    "precision": 0.9407826992300556,
    "recall": 0.9378883932061636,
    "f1-score": 0.939265965080846,
    "support": 2723.0
  },
  "weighted_avg": {
    "precision": 0.9302689771517364,
    "recall": 0.9302240176276166,
    "f1-score": 0.930176421125265,
    "support": 2723.0
  },
  "time": 4207.323831319809,
  "best_params": "n = 50, m = 0.8, s = None"
}
