{
  "accuracy": 0.8835842820418656,
  "precision_macro": 0.9003127297608181,
  "recall_macro": 0.8883328161846614,
  "f1-score_macro": 0.8934904964321865,
  "support": 2723.0,
  "time": 42.28352093696594,
  "best_params": "cp = {'ccp_alpha': 0.015}",
  "confusion_matrix": [
    [348, 0, 0, 0, 0, 39, 19],
    [1, 229, 0, 24, 3, 8, 0],
    [0, 0, 103, 0, 1, 0, 0],
    [0, 30, 0, 265, 27, 4, 0],
    [0, 5, 0, 12, 347, 20, 2],
    [6, 1, 0, 2, 0, 459, 59],
    [9, 0, 0, 0, 0, 45, 655]
  ]
}
